{
  "name": "提纯器",
  "icon": "elementaristics:purifier",
  "category": "matter_manipulation",
  "pages": [
    {
      "type": "text",
      "text": "$(item)提纯器$()基本上就是个用来洗东西的盆……但它只能洗带有神秘能量的东西。就像其名字所写的那样，它可以净化材料，并可能产生一些有趣的结果。$(br)提纯器可以容纳三个相同种类的物品，在合成时，你必须放置正确数目的材料进入其中; 少于或多于该数目则会导致合成失败。"
    },
    {
      "type": "crafting",
      "recipe": "elementaristics:purifier",
      "text": "$(o)第一款使用后不会变得很难闻的洗碗器$()"
    }
  ]
}