{
  "name": "被动激发器",
  "icon": "elementaristics:manipulator_passive",
  "category": "energy",
  "advancement": "elementaristics:progress_energy",
  "pages": [
    {
      "type": "text",
      "text": "$(item)被动激发器$()可以使得$(l:glory/entry_gods)神之印记以及圣祠$()始终激发它们对应的正面效果。这一过程一般不会没什么消耗; 然而，一旦放置了这一激发器，就无法放置其它激发器了，譬如$(l:energy/entry_supplier)供给操控器$()。"
    },
    {
      "type": "crafting",
      "recipe": "elementaristics:recipe_passive_manipulator",
      "text": "$(o)zZ z zZzz ...... zZZ zZ Z ZzZz zzzz z zzz ZZzzZZ ...... zzz Z zz zZzz zZzz ZZzzZZ ...... zZ Zz Zzz ...... Z zzzz z ...... zzZz zzZ zZz Zz zZ ZzZz z ...... Zzzz zzZ zZz Zz zzz ZZzzZZ ...... zzz Z zz zZzz zZzz$()"
    }
  ]
}