{
  "name": "关于神的梦",
  "icon": "elementaristics:textures/gui/icons/gods.png",
  "category": "soulogy",
  "advancement": "elementaristics:progress_ascension_identification",
  "pages": [
    {
      "type": "text",
      "text": "我确对灵魂有些许认识，但对于神……神的灵魂与人的灵魂有何不同? 祂们有灵魂吗？$(o)我能转化为灵魂吗？$()"
    },
    {
      "type": "crafting",
      "recipe": "elementaristics:dream_god_self",
      "text": "$(o)为了吾之荣耀！$()"
    }
  ]
}