{
  "name": "多元宇宙(The Multiverse)",
  "icon": "",
  "category": "arcane_lessons",
  "priority": true,
  "pages": [
    {
      "type": "text",
      "text": "$(marked)多元宇宙$()……在那里，我们通常所说的一些基础的，关于时空的概念都是不存在的，环顾我们的认知范围，只有少部分‘地方’拥有如此特性，但换句话说，也有可能只是我们无法理解其中的奥秘，就像其它的许多事那样。如果忽略我们现在所接受的宇宙环境，我们可以粗略的将多元宇宙比作星系."
    },
    {
      "type": "text",
      "text": "$(marked)元素星体$()分布于多元宇宙之中，每一个星体都对应着一种占据主导的元素，同时这也会影响它们各自所具有的单个宇宙的基本值。$(br)星体的稳定性各不相同，这意味着某些星体可能会撞向并融入其它星体，然后创造出具有不止一种元素的星体，而也有一些星体并不会发生太多的运动。"
    },
    {
      "type": "text",
      "text": "可以粗略的将这些星体的稳定性进行分层:$(marked)基础层$()，$(marked)次基础层$()，$(marked)中型世界层$()，$(marked)混沌层$()以及$(marked)黑暗层$()。这些星体按稳定性依次排序。$(br)人类可以在中型世界中找到，在一个水-大地-大气星体。"
    },
    {
      "type": "text",
      "title": "盲目痴愚之神(The Blind Idiot God)",
      "text": "$(marked)盲目痴愚之神$()据说是多元宇宙的创造者……或者是一些其它东西。它存在于宇宙之间，所以无法在多元宇宙中找到它。所有的存在物都是它的梦境，一旦梦醒了，存在就无法存在。它一直沉睡，$(marked)多元宇宙之龙$()在唱着宇宙的歌谣给它。这首歌谣可以操纵盲目痴愚之神的潜意识，使得它能够有能力操控现实。"
    },
    {
      "type": "text",
      "text": "多元宇宙中被称为“存在物”的那一部分，亦被称作“清醒(the Wake)”，这部分多元宇宙的外部环绕着盲目痴愚之神剩下的潜意识，被称作精神(the Mind)。在这两者之间，你可以找到内域门径(the Inner Threshold)，那里是门与门之匙，以及其它诸神的居所。在精神部分的外面，我指的是在外域门径(Outer Threshold)和镜像(the Mirror)之外，你只能找到虚无，以及彼岸。"
    },
    {
      "type": "text",
      "title": "多元宇宙之龙(The Multiversal Dragons)",
      "text": "$(marked)多元宇宙之龙$()专为盲目痴愚之神献出它们的歌喉。他们通过不断地唱着宇宙歌谣，来使得盲目痴愚之神陷入沉睡，进而操控它的思想。歌谣的一部分内容曾被教授给人类，那些人类被称为$(marked)巨龙歌者$()，他们被赋予了抵抗邪恶力量的使命。他们的后代始终与多元宇宙之龙有着联系，因此他们有着很强的基础元素亲和。"
    },
    {
      "type": "text",
      "text": "虽然所有人都可以学习一些宇宙歌谣，但因为只有巨龙歌者的后代仍然与巨龙始终保持着密切关系，所以只有他们才能够感知到多元宇宙之龙了……"
    }
  ]
}