{
  "name": "苔藓",
  "icon": "elementaristics:moss",
  "category": "vis_vitalis",
  "pages": [
    {
      "type": "text",
      "text": "$(marked)苔藓$()真的就只是一种普普通通的苔藓……只不过向外蔓延的速度稍微快了一点罢了。$(br)这种苔藓可被种植在$(marked)圆石$()上，并会蔓延到其它方块上。$(br)被蔓延的方块都会被转化为 $(marked)苔石$()。"
    },
    {
      "type": "crafting",
      "recipe": "elementaristics:moss"
    }
  ]
}